idcode,SMU,SM,PK1,PK2,PK3,ENT1,ENT2,ENT3,ENT4,INT1,INT2,INT3,CUS1,CUS2,CUS3,CUS4,TRE1,TRE2,TRE3,TRE4,WOM1,WOM2,WOM3,WOM4,CPI1,CPI2,CPI3,CPI4,CPI5,CPI6,CPI7,CP18,RB1,RB2,RB3,RB4,RB5,RB6,VI1,VI2,VI3,VI4,VI5,Age
1,1,1,1,0,0,4,4,4,5,5,4,4,2,3,4,4,4,4,4,4,2,2,2,2,4,4,4,4,4,4,4,4,5,5,5,5,5,4,4,3,3,3,4,25
2,1,1,1,1,0,4,4,4,4,4,4,4,4,3,4,4,4,4,4,4,4,4,3,4,3,3,4,4,3,3,3,3,4,4,4,4,4,4,4,4,4,4,4,23
3,1,1,1,1,1,5,5,5,5,5,5,4,5,5,5,5,5,5,5,5,3,3,4,3,4,5,5,5,4,5,5,5,5,5,5,5,5,3,5,5,5,5,5,24
4,1,1,1,1,1,5,5,5,5,5,4,4,5,5,4,5,4,2,4,4,4,1,4,4,4,3,4,4,4,2,4,4,5,5,5,5,5,5,4,4,5,4,4,24
5,1,1,1,1,1,4,5,4,5,4,4,4,4,4,4,4,4,5,5,5,5,5,5,5,5,5,4,4,5,4,4,4,4,4,5,4,5,4,4,4,4,5,4,24
6,1,1,1,1,1,4,5,3,2,4,3,5,4,5,4,3,3,4,4,3,5,4,3,4,1,2,4,3,4,3,4,3,5,4,3,4,5,3,4,2,1,2,4,23
7,1,1,1,1,1,5,5,5,5,4,4,4,4,4,4,3,4,4,4,5,3,2,3,3,4,4,5,5,4,4,4,5,5,4,4,4,4,3,5,5,4,4,5,23
8,1,1,1,1,1,4,3,3,5,5,3,3,4,3,3,4,4,4,4,5,4,3,3,3,4,4,5,5,5,5,5,5,5,5,4,3,3,2,3,4,3,3,5,24
9,1,2,1,1,1,4,4,4,5,4,3,4,3,4,4,4,4,4,5,5,3,1,1,3,4,4,4,5,4,4,4,4,5,4,4,4,4,5,4,3,3,3,4,23
10,1,2,1,0,1,4,4,5,5,5,4,3,4,5,4,4,4,5,4,5,4,5,4,4,3,5,4,5,3,4,4,5,5,5,5,5,5,4,3,4,4,4,5,23
11,1,3,1,1,1,4,3,4,5,5,4,5,4,5,5,4,4,3,4,4,3,4,5,5,5,4,3,4,5,4,5,5,4,5,3,5,4,5,5,4,5,3,5,22
12,1,3,0,0,1,5,4,5,5,2,5,4,2,4,2,4,5,5,4,5,5,4,2,5,4,5,4,5,4,5,4,4,5,4,5,4,4,2,5,4,5,4,5,22
13,1,4,1,1,1,5,5,4,4,5,4,2,5,4,5,4,5,4,5,5,2,5,5,2,4,2,5,4,5,5,4,5,4,5,4,4,5,5,4,4,5,5,5,24
14,1,1,1,0,0,5,4,5,5,4,5,5,5,4,5,4,2,5,4,5,5,5,4,5,4,5,5,5,4,5,5,4,4,5,4,5,5,4,5,4,4,5,2,24
15,1,5,1,1,1,2,2,5,4,5,4,5,5,4,5,4,5,4,5,5,4,5,4,5,4,4,5,5,4,5,4,5,4,5,4,5,5,5,4,5,4,5,5,23
16,1,3,1,1,1,5,5,5,4,4,4,5,5,4,4,5,5,5,4,2,4,5,4,4,5,4,5,4,5,4,5,4,5,4,5,4,5,5,4,5,4,5,5,20
17,1,1,1,0,1,4,4,4,5,4,4,4,2,3,2,3,3,3,3,4,4,4,4,4,4,4,4,4,4,4,4,3,4,4,4,4,4,4,4,4,4,4,4,24
18,1,1,1,1,1,3,4,4,4,5,4,4,3,3,3,4,4,4,4,4,4,3,3,4,4,4,4,4,4,4,4,5,5,4,5,5,5,4,4,4,5,4,5,24
19,1,1,1,1,1,5,5,5,5,5,5,5,4,3,5,5,5,5,5,5,4,2,4,4,5,5,5,5,5,5,5,5,5,5,5,5,5,5,5,5,5,5,5,24
20,1,1,1,1,1,4,3,4,5,4,4,4,4,4,2,3,4,4,4,4,4,2,3,4,4,3,5,5,4,4,4,5,4,4,4,3,3,4,4,4,4,4,4,23
21,1,1,1,1,1,4,5,5,4,4,4,5,5,5,4,4,5,5,5,4,4,4,5,4,5,4,5,4,5,4,5,5,4,5,4,5,4,2,5,4,5,4,5,20
22,1,2,1,1,1,5,4,5,5,4,5,5,5,4,4,5,5,5,4,5,5,5,5,5,5,4,4,4,5,5,4,4,5,4,5,4,5,4,5,5,5,5,5,24
23,1,1,1,0,1,5,5,5,4,4,4,5,5,5,5,4,5,5,4,4,5,5,3,5,5,5,5,5,4,4,5,5,5,4,5,5,4,5,5,5,4,5,4,25
24,1,2,1,1,1,5,5,5,4,4,4,5,5,5,4,5,5,4,5,4,5,5,4,4,5,5,5,4,5,5,4,5,5,4,5,4,5,5,4,5,5,4,5,24
25,1,5,1,1,1,5,5,4,5,5,4,5,5,5,5,5,4,4,4,5,5,5,4,5,4,5,4,5,5,4,4,5,5,4,5,4,5,4,4,4,5,5,5,23
26,1,3,1,0,0,4,5,5,5,4,4,4,5,5,5,5,4,4,5,5,4,5,5,4,4,5,5,5,5,5,4,4,5,5,4,4,5,5,4,5,4,5,4,26
27,1,1,1,0,1,5,5,4,5,5,4,5,4,5,5,4,5,4,5,4,5,5,5,5,4,4,4,4,5,5,4,4,5,5,4,5,5,5,4,4,5,5,4,22
28,1,1,1,1,1,5,5,4,4,5,5,5,4,4,5,4,5,4,5,5,4,5,5,4,5,5,5,5,4,5,5,5,5,5,4,5,5,4,5,5,4,5,5,25
29,1,1,1,1,1,5,5,4,4,5,5,4,5,5,4,5,4,4,5,5,5,4,5,4,5,5,5,4,4,5,4,5,4,4,5,5,4,4,5,5,5,4,4,23
30,1,3,1,1,1,5,5,5,5,4,4,5,5,5,5,4,5,5,4,4,5,4,5,4,5,5,5,5,4,4,5,5,4,5,5,4,5,4,5,5,4,5,4,24
31,1,1,1,1,1,5,5,5,4,4,5,5,5,4,5,5,5,4,5,5,5,5,4,4,5,5,4,5,5,5,5,5,5,5,4,5,5,5,5,5,5,4,5,23
32,1,1,1,1,1,5,5,5,4,5,5,5,4,5,5,5,4,5,5,5,5,5,5,4,5,5,5,4,5,5,4,4,5,5,4,5,5,4,5,4,5,4,2,26
33,1,1,1,1,0,5,5,5,5,4,4,5,5,4,5,4,5,4,5,4,5,4,5,4,5,4,5,4,5,4,5,4,5,4,5,4,4,5,5,5,4,4,5,24
34,1,1,1,1,1,5,4,5,5,5,5,4,4,5,4,5,4,4,5,5,5,4,5,4,5,4,4,5,5,4,4,5,5,5,5,4,5,5,5,4,5,5,5,25
35,1,1,1,1,1,4,5,5,4,5,5,5,4,5,5,4,5,4,5,4,5,5,4,5,5,4,5,4,5,5,5,4,5,4,5,5,4,5,5,5,4,4,5,22
36,1,2,1,1,1,5,4,5,4,5,5,5,4,5,5,5,4,5,5,4,5,5,4,5,4,5,5,5,5,4,4,5,4,4,5,5,5,4,5,5,5,4,5,25
37,1,1,1,1,1,4,4,5,5,4,5,4,5,4,5,5,5,4,5,5,4,5,5,4,5,4,5,4,5,5,4,4,5,5,5,4,5,5,5,5,5,4,4,25
38,1,1,1,1,1,5,5,4,4,5,5,5,4,5,5,5,4,5,4,5,5,4,5,5,4,5,5,4,5,4,4,4,4,5,4,5,4,4,5,5,4,5,5,24
39,1,2,1,1,1,5,5,4,5,5,4,5,4,5,5,4,5,5,4,5,5,5,4,5,4,5,4,5,5,5,4,5,4,5,5,4,5,5,4,5,4,5,4,25
40,1,2,1,1,0,5,4,5,5,4,5,4,5,4,5,4,5,4,5,4,5,4,5,4,5,5,4,5,4,5,4,5,5,4,5,4,5,5,4,5,4,5,5,26
41,1,1,1,1,1,5,4,5,5,4,5,4,5,4,5,4,5,4,4,5,5,4,5,5,4,5,5,4,4,5,5,4,4,5,4,5,5,4,5,4,5,4,4,27
42,1,3,1,1,0,5,4,5,4,5,5,4,5,5,4,5,5,4,5,5,4,5,4,5,5,5,4,5,5,4,5,5,4,5,5,4,5,5,4,5,4,5,4,25
43,1,1,1,1,1,5,4,5,5,4,5,4,5,5,4,5,4,5,4,5,4,5,5,4,5,4,5,4,5,5,4,5,4,5,4,5,5,4,5,5,4,5,4,23
44,1,3,1,1,1,5,5,4,5,4,5,5,5,4,5,5,5,4,5,4,5,5,4,4,5,5,4,5,5,5,4,5,4,5,4,5,4,5,4,5,5,5,4,23
45,1,2,1,1,1,4,5,5,4,5,4,4,5,5,4,4,5,4,5,4,5,5,4,5,5,4,5,4,5,4,5,4,5,5,5,4,4,5,5,4,5,5,4,23
46,1,3,1,1,1,5,4,5,5,5,4,5,4,5,5,4,5,5,5,4,4,5,5,4,4,4,5,5,5,4,5,5,4,5,4,5,5,5,4,5,4,5,5,22
47,1,1,1,1,0,5,5,5,5,4,4,4,5,5,5,5,4,4,4,5,5,5,5,4,4,4,5,5,5,5,4,5,5,4,5,4,5,4,5,4,4,4,5,22
48,1,1,1,1,1,5,4,4,4,5,4,4,5,5,4,5,5,4,5,5,4,5,5,4,5,4,5,5,5,4,5,5,5,4,5,4,5,4,5,4,5,4,5,22
49,1,1,1,1,1,5,4,5,4,5,4,5,5,4,5,4,5,4,5,4,5,4,5,4,5,4,5,4,5,5,4,5,4,5,4,5,4,5,5,5,4,5,5,24
50,1,2,1,1,1,5,4,5,4,5,4,5,4,5,4,5,4,5,4,2,5,2,5,4,5,4,5,4,5,4,5,4,5,4,5,4,5,5,5,5,4,4,5,21
51,1,2,1,1,1,5,4,5,5,4,5,5,4,5,4,5,5,5,4,5,4,5,4,5,5,4,5,5,4,5,5,4,5,5,4,5,4,4,5,5,4,5,4,25
52,1,2,1,1,1,5,5,4,4,5,4,5,4,5,5,5,5,4,5,5,4,5,4,5,4,5,4,5,5,4,5,4,5,5,4,5,4,5,4,5,4,5,5,25
53,1,1,1,1,1,5,5,4,5,4,5,5,5,5,4,5,4,5,4,5,5,5,4,5,4,3,5,5,4,5,4,5,5,4,5,4,5,4,5,5,4,5,5,25
54,1,2,1,1,1,5,4,5,4,5,4,5,4,5,4,5,5,4,5,4,5,4,5,4,5,5,4,5,5,4,4,5,5,4,5,5,4,5,5,5,4,5,5,24
55,1,1,1,1,1,5,4,5,4,5,4,5,5,4,5,5,4,5,4,5,5,5,4,5,4,5,5,4,5,4,5,4,5,5,5,4,5,4,5,4,5,5,4,25
56,1,3,1,1,1,5,4,5,5,4,5,4,5,4,5,5,5,5,4,5,5,4,5,4,4,5,5,4,4,5,4,5,5,4,5,4,5,4,5,5,4,5,4,24
57,1,3,1,1,1,5,4,4,2,5,3,5,5,4,4,5,4,5,4,5,4,5,4,5,4,5,5,4,4,5,5,4,5,4,5,5,4,5,5,4,5,5,4,26
58,1,1,1,1,1,4,5,4,5,5,4,5,5,4,4,4,5,5,4,5,4,3,4,4,4,4,5,5,4,5,5,5,5,4,5,5,5,4,5,5,5,5,5,24
59,1,3,1,1,1,5,4,3,5,4,5,5,4,4,5,5,4,5,4,5,5,4,5,4,5,4,5,4,5,5,4,4,5,4,5,5,4,4,4,5,5,4,5,22
60,1,2,1,1,1,4,4,5,5,4,3,5,5,4,5,4,5,4,5,4,5,4,5,4,5,5,5,4,4,5,5,4,5,4,5,4,5,5,4,5,4,4,5,26
61,1,3,1,1,1,5,5,4,3,5,4,5,4,5,4,5,4,5,4,5,4,5,4,5,4,5,5,4,5,4,5,4,5,4,5,4,5,5,4,5,5,4,4,26
62,1,3,1,1,1,5,4,5,5,4,5,4,5,5,4,5,5,4,5,5,4,5,4,5,4,5,5,5,5,4,5,5,4,5,5,4,5,5,5,4,5,5,5,26
63,1,1,1,1,1,5,4,5,5,4,5,5,4,5,5,4,5,4,5,5,4,5,5,4,5,5,4,4,5,5,5,4,5,5,5,5,5,4,5,5,4,5,5,25
64,1,1,1,1,1,5,4,5,5,4,5,5,5,4,5,5,4,5,5,5,4,5,5,4,5,5,4,5,5,4,5,4,5,5,4,5,4,5,5,4,5,4,5,25
65,1,1,1,1,1,5,5,5,5,5,5,5,5,5,5,5,5,5,5,5,5,5,5,5,5,5,5,5,5,5,5,5,5,5,5,5,5,5,5,5,5,5,5,23
66,1,1,1,1,1,4,4,4,5,4,4,4,4,4,4,5,5,5,5,5,3,3,3,3,4,4,4,5,5,5,5,5,5,4,5,4,4,5,5,4,4,4,4,19
67,1,1,1,1,1,4,4,4,5,4,3,3,3,4,3,4,5,5,5,5,2,2,2,2,3,3,3,4,3,4,4,4,5,4,5,5,5,4,4,4,3,3,4,18
68,1,1,1,1,1,4,4,4,4,4,4,3,4,4,4,4,3,4,3,4,2,1,1,1,4,4,4,5,5,5,4,5,1,1,1,1,1,1,4,4,4,4,4,29
69,1,1,0,0,1,4,4,5,4,5,5,2,4,5,2,5,2,2,5,2,5,4,5,5,3,5,5,4,5,2,5,4,5,5,5,4,5,2,5,5,5,4,5,24
70,1,1,1,0,1,5,5,5,5,5,5,5,5,5,5,5,5,5,5,5,3,3,3,3,5,5,5,5,5,5,5,5,3,3,3,3,3,3,5,5,3,3,3,27
71,1,1,1,1,1,3,2,4,4,3,3,2,4,4,4,2,2,2,4,4,4,4,4,2,4,4,4,4,4,4,4,4,5,5,5,5,4,5,1,1,2,2,2,33
72,1,3,1,1,1,4,4,3,3,3,4,3,3,4,4,4,3,4,4,4,2,2,2,2,3,4,3,4,4,4,4,4,5,5,5,5,5,5,1,1,2,2,2,36
73,1,2,1,1,1,4,4,4,4,4,4,3,4,4,5,4,5,5,4,4,4,4,4,4,4,4,4,4,4,5,4,4,4,4,4,4,5,5,4,4,4,4,4,23
74,1,1,1,0,0,2,2,2,5,5,3,2,4,4,3,2,2,2,2,2,1,1,1,2,2,2,4,3,3,4,4,4,5,5,5,5,5,5,3,3,2,3,4,23
75,1,3,1,1,1,4,4,4,5,4,4,4,4,4,4,4,4,4,4,4,4,4,4,4,1,1,2,1,2,2,1,4,5,5,5,5,5,5,4,4,4,4,4,24
76,1,5,1,1,1,4,4,4,4,5,4,4,5,5,4,4,4,4,4,4,3,3,3,3,5,5,4,4,4,3,4,5,4,5,5,5,5,5,4,4,4,4,4,24
77,1,2,1,1,1,5,5,5,5,5,5,5,5,5,5,5,3,5,5,5,5,5,3,5,4,4,4,4,4,5,5,5,5,5,5,5,5,5,3,3,1,1,3,19
78,1,1,1,1,1,5,4,4,5,4,4,4,2,2,2,4,5,5,5,5,1,2,2,1,1,1,1,1,1,4,3,2,5,4,5,5,5,4,5,5,2,2,5,36
79,1,3,1,1,1,4,4,4,4,4,4,4,4,4,4,3,4,4,4,4,3,3,3,3,3,4,3,3,3,3,3,3,4,4,4,4,4,4,3,3,4,4,3,23
80,1,1,1,1,1,4,4,4,5,5,5,5,5,5,4,5,3,3,4,4,1,1,1,2,3,4,4,5,5,4,4,4,5,5,5,5,5,5,5,5,5,5,5,25
81,1,3,1,1,0,4,3,3,4,4,3,2,4,4,4,3,4,3,2,2,4,2,3,4,4,3,5,3,4,3,2,2,3,2,3,2,2,3,2,3,3,2,4,24
82,1,3,1,1,1,3,3,3,3,3,3,3,3,3,3,3,3,3,3,3,3,3,3,3,3,3,3,3,3,3,3,3,3,3,3,3,3,3,3,3,3,3,3,23
83,1,2,1,1,1,4,4,5,4,5,5,3,5,5,5,5,4,5,5,5,3,2,2,2,4,4,4,5,5,5,5,5,5,5,5,5,5,5,4,5,5,4,5,22
84,1,1,1,1,1,4,4,3,5,5,4,3,3,4,4,3,4,4,4,5,1,1,1,1,5,4,4,4,4,3,4,5,1,3,3,1,1,1,3,3,1,1,3,23
85,1,1,1,1,1,4,4,4,5,4,4,3,4,4,3,4,4,4,4,4,3,3,3,4,5,4,5,5,5,5,5,5,5,5,5,5,5,5,5,5,4,4,4,23
86,1,1,1,1,1,3,3,4,3,4,4,4,4,4,4,4,4,4,4,4,4,3,4,3,3,3,3,3,4,3,3,3,4,4,4,3,4,4,4,4,3,3,4,22
87,1,3,1,0,0,3,3,3,5,5,3,5,5,5,5,5,5,5,5,5,3,3,3,3,5,5,5,5,5,5,5,5,5,5,5,5,5,5,3,3,3,3,3,32
88,1,2,1,1,1,4,4,4,5,4,4,4,4,4,4,4,4,4,4,4,1,1,1,1,4,3,3,3,3,3,3,4,4,4,4,4,4,4,4,4,3,3,4,23
89,1,1,1,1,0,4,3,4,4,4,3,4,4,4,4,3,3,4,4,4,2,2,2,2,3,3,3,3,3,3,3,3,5,4,5,4,5,5,3,4,3,3,3,22
90,1,1,1,1,1,3,3,4,4,5,3,5,4,4,4,4,5,3,5,5,4,4,4,4,3,5,5,5,5,5,5,5,5,5,5,5,5,5,5,5,5,5,5,24
91,1,1,1,1,1,4,4,4,5,4,3,2,4,4,2,3,5,5,4,4,2,2,2,2,4,2,4,4,4,4,4,4,4,4,4,4,4,4,4,3,4,3,4,20
92,1,2,1,1,0,3,3,4,3,1,3,3,4,3,3,3,3,4,1,1,1,1,1,1,3,3,3,3,3,3,3,3,5,3,3,3,3,3,3,3,3,3,3,31
93,1,3,1,1,1,3,3,3,3,5,4,4,4,4,4,4,4,4,4,4,4,4,4,4,3,3,3,4,4,3,3,3,5,5,5,5,5,5,4,4,4,4,4,25
94,1,2,1,1,1,1,2,1,3,2,4,1,5,3,4,5,4,5,5,5,3,2,2,2,4,4,4,4,4,4,4,4,5,5,5,5,5,5,3,4,3,3,4,25
95,1,1,1,1,1,5,4,5,5,5,4,5,5,4,5,5,5,4,4,5,5,5,4,5,5,5,4,5,5,4,4,5,3,3,4,4,5,5,5,4,5,4,5,22
96,1,1,1,1,1,4,5,5,5,5,4,5,5,5,5,5,5,4,5,5,2,2,4,2,3,2,3,4,3,4,2,2,5,4,5,5,5,5,3,3,3,1,2,28
97,1,1,1,1,1,4,4,3,4,4,4,4,4,4,4,4,4,4,4,4,4,4,4,4,4,4,4,4,4,4,4,4,5,5,5,5,5,5,3,3,4,4,4,31
98,1,1,1,1,1,4,4,4,4,4,4,4,4,3,4,4,5,4,4,4,4,5,4,4,4,4,4,4,4,4,4,4,4,4,4,4,4,4,4,4,4,4,4,24
99,1,1,1,1,1,4,4,4,4,4,5,4,4,5,5,4,4,4,4,4,4,4,4,4,3,4,3,4,3,4,4,3,4,4,4,4,4,4,3,3,3,4,4,25
100,1,1,1,1,1,5,5,5,5,5,5,3,5,4,5,5,5,5,5,5,4,2,3,3,3,2,4,4,3,4,4,4,5,5,5,5,5,5,5,5,5,5,5,23
101,1,1,1,1,1,4,4,5,4,4,4,4,5,4,3,4,5,5,4,4,4,3,3,3,3,3,4,4,3,3,3,3,5,5,5,5,5,5,3,5,3,3,5,52
102,1,1,1,1,0,5,5,5,5,5,5,5,5,5,5,5,5,5,5,5,5,5,5,5,5,5,5,5,5,5,5,5,5,5,5,5,5,5,5,5,5,5,5,47
103,1,1,1,1,1,5,5,5,5,5,3,3,5,4,3,4,5,5,5,5,5,2,3,4,4,4,4,4,4,4,4,4,5,5,5,5,5,5,3,5,4,4,4,25
104,1,1,1,1,0,3,4,5,5,5,4,4,5,3,3,2,4,4,5,4,2,2,4,2,3,4,4,4,4,3,4,4,5,3,4,5,5,4,5,5,4,4,5,25
105,1,1,1,1,1,4,5,4,4,3,4,4,5,3,4,4,5,3,3,4,2,3,2,4,3,2,4,2,3,5,2,3,2,3,4,3,4,4,4,2,3,4,5,23
106,1,5,1,1,1,3,3,3,3,3,3,3,3,3,3,3,3,3,3,3,3,3,3,3,3,3,3,3,3,3,3,3,3,3,3,3,3,3,3,4,3,3,3,25
107,1,1,1,1,1,5,4,4,4,5,4,4,4,3,3,3,5,5,5,5,3,3,3,3,3,3,3,4,3,3,3,3,2,3,2,2,2,2,3,3,3,3,3,27
108,1,1,1,0,0,5,5,5,5,5,4,5,5,5,5,5,5,5,5,5,5,5,5,5,5,5,5,5,5,5,5,5,2,2,2,2,2,2,2,2,2,3,4,24
109,1,1,1,1,1,4,3,3,5,4,4,5,4,3,3,5,3,3,3,4,2,2,3,3,4,4,4,5,5,4,5,5,4,4,5,5,5,5,3,3,4,3,3,27
110,1,1,1,1,1,4,4,4,5,5,4,4,4,4,4,5,4,4,4,4,4,2,4,2,4,4,4,5,4,4,4,4,4,4,5,5,5,5,4,4,4,4,4,26
111,1,1,1,1,1,4,4,4,4,5,5,4,5,5,5,4,5,4,4,5,4,5,5,5,5,5,4,4,5,5,5,5,5,5,5,5,5,5,5,5,5,5,5,28
112,1,3,1,1,1,4,5,4,4,4,4,4,5,4,4,5,5,4,5,5,5,5,5,5,5,4,5,4,4,4,5,5,5,4,4,5,3,5,5,5,4,5,5,31
113,1,2,1,1,1,4,5,4,5,5,4,5,5,4,4,5,5,4,5,5,4,5,4,3,3,5,4,4,5,4,5,4,5,4,4,5,4,4,5,5,4,4,5,26
114,1,1,1,1,1,4,4,4,4,4,4,4,4,4,4,4,4,4,4,4,2,2,3,2,4,2,4,4,4,4,4,4,3,2,2,2,1,2,5,5,5,4,5,24
115,1,2,1,1,1,5,4,5,4,5,5,4,5,4,4,5,4,5,5,5,4,5,5,4,4,5,4,5,4,5,4,5,4,5,4,5,4,5,4,4,5,5,4,22
116,1,3,1,1,1,4,5,4,5,4,5,4,5,4,5,4,5,4,5,4,5,4,5,4,5,4,5,4,5,4,5,4,5,4,5,4,5,4,5,4,5,4,5,21
117,1,5,1,1,1,4,5,5,4,4,5,4,5,4,5,4,5,4,5,4,5,4,5,4,5,4,5,4,5,4,5,4,5,4,5,4,5,4,5,4,5,4,5,23
118,1,1,1,1,1,5,4,5,4,5,4,5,4,5,5,5,4,5,4,5,5,5,5,4,5,4,5,4,5,5,4,5,4,4,5,4,5,4,5,4,5,4,5,29
119,1,1,1,1,0,4,5,4,5,5,4,5,4,5,4,5,4,5,4,5,4,5,4,5,4,5,4,5,5,4,5,4,5,4,5,4,5,4,5,4,5,4,5,24
120,1,1,1,1,1,5,4,5,4,5,4,5,4,5,4,5,5,4,5,4,5,5,4,5,4,5,4,5,4,5,4,5,4,5,4,5,4,5,5,4,5,4,5,25
121,1,1,1,1,1,5,4,5,4,5,4,5,4,5,4,5,4,5,4,5,5,4,5,4,5,4,5,4,5,4,5,4,5,4,5,4,5,4,5,4,5,4,5,25
122,1,3,1,1,1,5,4,5,4,4,5,5,5,4,5,5,4,4,5,5,4,4,5,4,5,4,4,4,5,5,4,5,4,5,5,4,5,4,5,5,4,4,4,26
123,1,1,1,1,1,4,5,4,5,5,4,5,4,5,5,4,5,4,4,4,5,4,5,5,4,5,4,5,4,5,4,5,4,5,4,5,4,5,5,4,5,5,4,26
124,1,1,1,1,1,4,5,5,4,4,5,4,5,4,5,4,5,4,5,4,5,4,5,4,5,4,5,4,5,4,5,4,5,4,5,4,5,4,5,4,5,4,5,24
125,1,1,1,1,1,5,4,5,4,5,4,5,4,5,4,5,4,5,4,5,4,5,4,5,4,5,4,5,4,5,4,5,4,5,4,5,4,5,4,5,4,5,4,21
126,1,1,1,1,1,4,5,4,5,4,5,4,5,4,5,4,5,4,5,4,5,4,5,4,4,5,4,5,5,4,5,5,4,5,4,3,4,5,5,4,5,4,5,25
127,1,1,1,1,1,4,5,4,5,4,5,4,5,4,5,4,5,4,5,4,5,4,5,5,4,4,5,4,5,4,5,4,5,4,5,4,5,4,5,4,5,4,5,25
128,1,1,1,1,1,4,5,4,5,4,5,4,5,4,5,4,5,4,5,4,5,4,5,5,4,5,4,5,4,5,4,5,4,5,5,4,5,4,5,5,4,5,4,25
129,1,2,1,1,1,4,5,4,5,4,5,4,5,4,5,4,5,4,5,4,5,5,4,5,4,5,4,5,4,5,4,5,4,5,4,5,5,4,5,4,5,4,5,26
130,1,2,1,1,1,4,5,4,5,4,5,4,5,4,5,4,4,5,4,5,3,5,4,4,5,4,5,4,5,4,5,5,4,5,4,5,5,5,5,4,5,5,5,27
131,1,3,1,1,1,4,5,4,5,4,5,2,2,5,4,5,4,4,5,4,4,4,5,5,5,4,5,4,5,4,4,4,5,4,5,4,5,4,5,4,5,4,5,24
132,1,3,1,1,1,5,4,4,5,5,4,5,4,3,5,4,4,5,4,4,3,4,5,4,5,4,4,5,5,4,5,5,5,4,5,5,4,5,5,4,5,4,4,25
133,1,2,1,1,1,5,4,5,4,4,5,4,5,4,5,5,5,4,4,3,4,5,4,4,5,4,5,4,4,4,4,5,5,4,4,5,4,5,4,5,4,5,5,24
134,1,3,1,1,1,4,5,4,5,4,5,4,5,4,5,4,5,4,5,4,5,4,5,4,5,4,5,4,5,4,5,4,5,4,5,4,5,4,5,4,5,4,5,26
135,1,2,1,1,1,4,5,4,5,4,5,4,5,4,5,4,5,5,4,5,4,5,4,5,4,5,5,4,5,4,5,4,4,5,5,4,5,4,5,4,5,4,5,24
136,1,1,1,1,1,5,4,5,4,5,4,5,4,5,4,5,4,5,4,5,4,5,4,5,4,5,4,5,4,5,4,5,4,5,4,5,4,5,4,5,4,5,4,25
137,1,1,1,1,1,4,5,4,5,4,5,4,5,4,5,4,5,4,5,4,5,4,5,4,5,4,5,4,5,4,5,4,5,4,5,4,5,4,5,4,5,4,5,25
138,1,1,1,1,1,5,4,5,4,5,4,5,4,5,4,5,4,5,4,5,4,5,4,5,4,5,4,5,4,5,4,5,4,5,4,5,4,5,4,5,4,5,4,30
139,1,3,1,1,1,5,4,5,4,5,4,5,4,5,3,4,5,4,5,4,5,4,5,4,5,4,5,4,5,5,4,5,4,5,4,5,4,5,4,5,4,5,4,29
140,1,1,1,1,1,5,4,5,4,5,4,5,4,5,4,5,4,5,4,5,4,5,4,5,4,5,4,5,4,5,4,5,4,5,4,5,4,4,5,4,5,4,5,31
141,1,1,1,1,1,5,4,5,4,5,4,5,4,5,4,5,4,5,4,5,4,5,4,5,4,5,4,5,4,5,4,5,4,5,4,5,4,5,4,5,4,5,4,32
142,1,1,1,1,1,5,4,5,4,5,5,4,5,3,5,4,4,4,4,5,4,3,4,4,5,4,5,4,4,4,4,4,4,4,4,4,4,4,4,5,5,4,4,31
143,1,2,1,1,1,4,5,4,5,4,5,4,5,4,5,4,5,4,5,4,5,4,5,4,5,4,5,4,5,4,4,5,4,5,4,5,4,5,4,5,4,4,5,29
144,1,1,1,1,1,4,3,4,5,5,5,5,4,5,4,5,4,5,4,5,5,4,4,5,4,5,4,4,5,4,5,4,4,5,4,5,5,4,5,4,5,4,5,30
145,1,1,1,1,1,5,4,5,4,5,4,5,4,5,4,5,4,5,4,5,4,5,4,5,5,4,5,4,4,5,5,4,4,5,4,5,4,5,4,5,4,5,4,29
146,1,2,1,1,1,5,4,5,4,5,4,5,4,5,4,5,4,5,4,5,4,5,4,5,4,5,4,5,4,5,4,5,4,5,4,5,4,5,4,5,4,4,5,31
147,1,1,1,1,1,5,4,5,4,5,4,5,4,5,4,5,4,5,4,5,4,5,5,5,4,5,4,5,4,5,5,4,5,4,5,4,5,4,5,4,5,5,5,29
148,1,3,1,1,1,4,5,4,5,5,4,5,4,5,4,5,4,5,4,5,4,5,4,5,4,5,4,5,4,5,4,5,4,5,4,5,4,5,5,4,5,4,5,31
149,1,1,1,1,1,5,4,5,4,5,4,5,4,5,4,5,4,5,4,5,4,5,4,5,4,5,4,5,4,5,4,5,4,5,4,5,4,5,4,5,5,4,5,31
150,1,2,1,1,1,5,4,5,4,5,4,5,4,5,4,5,4,5,4,5,4,5,4,5,4,5,4,5,4,5,4,5,4,5,4,5,4,4,5,5,5,4,5,33
151,1,2,1,1,1,5,5,4,4,4,4,5,5,4,4,5,5,4,4,5,5,5,5,4,4,5,4,5,4,5,4,5,5,5,4,4,5,5,4,5,4,5,4,29
152,1,2,1,1,1,5,4,5,4,5,4,5,4,5,4,5,4,5,4,5,4,5,4,5,4,5,4,5,4,5,4,5,4,5,4,5,4,5,4,5,4,5,4,33
153,1,2,1,1,1,5,5,5,5,5,4,5,4,4,5,5,4,5,4,5,4,5,5,4,5,4,5,4,5,5,4,4,5,4,5,4,5,4,4,5,4,5,4,29
154,1,2,1,1,1,5,4,5,4,5,4,5,4,5,4,5,4,5,4,5,4,5,5,4,5,4,5,4,5,4,5,4,5,4,5,4,5,4,5,4,4,5,5,30
155,1,3,1,1,1,5,4,5,4,5,4,5,4,5,4,5,4,5,4,5,4,5,4,5,4,5,4,5,4,5,4,5,4,5,4,5,4,5,4,5,4,5,4,34
156,1,1,1,1,1,5,4,5,4,5,4,5,4,5,4,5,4,5,4,5,4,5,4,5,4,5,4,5,4,5,4,5,4,5,4,5,4,5,4,5,4,5,4,32
157,1,1,1,1,1,5,4,5,4,5,4,5,4,5,4,5,4,5,4,5,4,5,4,5,4,5,4,5,4,5,4,5,4,4,4,5,5,4,5,4,5,4,5,35
158,1,1,1,1,1,5,5,4,4,5,4,5,4,4,4,5,4,5,4,5,4,5,5,4,5,4,5,4,5,4,5,4,4,5,4,5,4,5,4,5,4,5,4,34
159,1,1,1,1,1,4,5,4,5,4,5,4,5,4,5,4,5,4,5,4,5,5,4,4,4,5,4,5,4,5,4,5,4,5,4,5,4,5,4,5,4,4,5,31
160,1,1,1,1,1,5,4,5,4,5,4,5,5,4,5,4,5,4,5,4,5,4,5,4,5,4,5,4,5,4,5,4,5,4,5,4,5,4,5,4,5,4,5,34
161,1,1,1,1,1,4,5,4,5,4,5,5,4,5,4,5,4,5,4,5,4,5,4,5,4,5,4,5,4,5,4,5,4,5,4,5,4,5,4,5,4,5,4,32
162,1,1,1,1,1,5,4,5,4,5,4,5,4,5,4,5,4,5,4,5,4,5,4,5,4,5,4,5,4,5,5,4,5,4,5,4,5,4,5,4,5,4,5,32
163,1,1,1,1,1,5,4,5,4,5,4,5,4,5,4,5,4,5,4,5,4,5,4,5,4,5,4,5,4,5,4,5,4,5,5,5,4,4,5,4,5,4,5,32
164,1,3,1,1,1,4,4,5,5,5,4,4,5,4,4,5,5,4,4,5,5,5,4,4,5,5,5,4,4,5,5,4,4,5,5,4,4,5,4,5,4,5,5,34
165,1,1,1,1,1,5,4,5,4,5,4,5,4,5,4,5,4,5,4,5,4,5,4,5,5,4,5,5,4,4,5,5,4,4,5,5,4,4,5,5,5,4,4,33
166,1,5,1,1,1,5,5,4,5,4,5,4,4,5,4,5,4,5,4,5,4,5,4,5,4,5,4,5,4,5,4,5,4,5,5,4,5,4,5,4,5,4,5,33
167,1,1,1,1,1,5,4,5,5,5,4,5,4,5,4,5,4,5,4,5,5,4,5,4,5,5,4,5,4,5,4,5,5,5,4,5,4,5,4,5,4,5,4,35
168,1,1,1,1,1,4,5,4,5,4,5,4,5,4,5,5,5,4,4,5,5,4,4,5,5,4,5,5,4,5,4,5,4,5,5,4,5,4,5,4,5,5,4,35
169,1,2,1,1,1,5,4,5,4,5,4,5,5,4,5,4,5,4,5,4,5,5,4,5,5,4,5,4,5,4,5,4,5,5,4,4,5,5,4,4,5,5,4,35
170,1,1,1,1,1,5,5,4,4,5,5,4,5,5,4,4,5,5,4,4,5,5,4,4,5,4,5,4,5,4,5,4,5,4,5,4,5,4,5,4,5,4,5,36
171,1,1,1,1,1,5,4,5,4,5,4,5,4,5,4,5,4,4,5,5,4,4,5,5,5,4,5,4,5,4,5,5,4,4,5,5,4,5,5,4,5,4,5,29
172,1,1,1,1,1,5,5,4,5,4,5,5,4,5,4,5,5,4,5,4,5,5,5,4,4,4,5,4,4,4,5,4,5,4,5,4,5,5,5,4,5,4,5,29
173,1,3,1,1,1,5,4,5,5,5,4,4,5,5,4,5,5,5,4,5,4,4,5,5,4,4,5,5,4,4,5,5,4,4,5,5,4,4,4,5,5,4,4,29
174,1,2,1,1,1,4,5,4,4,5,5,4,4,5,5,4,5,4,5,5,5,4,5,4,5,4,5,4,5,4,5,4,5,4,5,5,4,5,4,5,4,5,4,29
175,1,1,1,1,1,5,4,5,4,5,5,4,4,5,4,5,4,5,4,5,4,5,4,5,4,5,5,5,4,5,4,5,4,5,4,5,4,5,4,5,4,5,4,29
176,1,1,1,1,1,5,4,5,5,5,4,5,4,4,5,5,4,4,5,5,4,4,4,5,5,5,4,4,4,5,5,5,4,4,5,5,4,4,5,5,4,4,5,29
177,1,1,1,1,1,4,5,4,5,4,4,5,5,5,5,4,4,4,5,5,5,4,5,4,5,4,5,4,5,4,5,4,4,5,4,5,4,4,5,4,5,4,5,29
178,1,1,1,1,1,5,4,5,4,5,4,5,4,5,4,5,4,5,4,5,4,5,4,5,4,5,4,5,4,5,4,5,5,4,5,4,5,4,5,4,5,4,5,29
179,1,1,1,1,1,5,4,5,4,5,4,5,5,4,5,5,5,4,4,5,4,4,4,5,4,4,4,5,4,5,4,5,4,5,5,4,5,5,4,5,4,5,5,29
180,1,3,1,1,1,4,3,4,5,4,4,4,5,5,5,5,4,4,3,5,5,4,5,5,3,4,4,5,5,4,4,4,5,4,4,4,5,4,4,4,5,4,4,26
181,1,1,1,1,1,4,4,4,4,5,4,2,3,3,3,5,5,5,5,5,3,1,2,3,5,5,5,5,5,5,5,5,5,5,5,5,5,5,3,3,4,4,1,24
182,1,1,1,1,1,4,5,3,5,4,5,4,5,4,4,5,3,5,4,4,5,4,5,3,4,4,4,5,5,4,4,5,5,4,4,4,4,5,5,4,3,4,5,30
183,1,3,1,1,1,4,4,4,3,5,4,3,4,5,4,4,4,5,3,5,4,4,4,5,5,4,3,4,5,4,4,5,4,5,4,4,4,5,5,5,5,5,5,27
184,1,1,1,1,1,5,4,5,4,5,4,5,4,5,4,5,5,4,5,4,5,4,4,5,5,4,5,4,5,4,5,5,5,5,4,4,4,5,4,5,4,4,5,31
185,1,1,1,1,1,5,4,5,4,5,4,5,4,5,4,5,4,5,4,5,4,5,4,5,4,5,4,5,4,5,4,5,4,5,5,4,5,4,5,4,5,4,5,30
186,1,3,1,1,1,5,5,4,4,5,5,4,4,5,5,4,4,4,5,4,5,4,5,4,5,4,5,4,5,4,5,4,5,4,5,4,5,4,5,4,5,4,5,34
187,1,3,1,1,1,4,4,4,3,5,4,3,4,5,4,4,4,5,3,5,4,4,4,5,5,4,3,4,5,4,4,5,4,5,4,4,4,5,5,5,5,5,5,27
188,1,1,1,1,1,4,5,3,5,4,5,4,5,4,4,5,3,5,4,4,5,4,5,3,4,4,4,5,5,4,4,5,5,4,4,4,4,5,5,4,3,4,5,30
189,1,1,1,1,1,5,5,4,4,5,5,4,5,5,4,4,5,5,4,4,5,5,4,4,5,5,4,4,5,5,4,4,5,5,4,4,5,4,5,5,4,4,5,34
190,1,1,1,1,1,5,4,5,4,5,4,5,4,5,4,5,4,5,4,5,4,5,4,5,4,5,4,5,4,5,4,5,4,5,4,5,4,5,4,5,4,5,4,32
191,1,1,1,1,1,5,5,5,4,5,4,4,4,4,5,4,4,5,4,4,5,5,4,4,5,4,4,5,4,5,4,5,4,4,4,4,5,4,4,5,4,5,4,30
192,1,1,1,1,1,4,4,5,5,5,4,4,5,5,4,4,5,5,4,4,5,5,4,4,5,5,4,4,5,5,5,4,4,4,5,4,4,5,4,5,4,5,4,30
193,1,1,1,1,1,5,5,4,4,5,5,4,4,5,5,4,4,5,5,4,4,5,5,4,4,5,4,5,5,4,4,5,5,4,5,4,5,5,4,5,4,4,5,30
194,1,1,1,1,1,5,4,5,4,5,4,5,5,4,5,4,5,4,5,4,5,4,5,4,5,4,5,4,5,5,4,4,4,5,4,4,5,4,4,5,5,4,5,29
195,1,2,1,1,1,5,4,5,4,5,4,5,4,5,4,5,4,5,4,5,4,5,4,5,4,5,4,5,4,5,4,5,4,5,4,5,4,5,4,5,4,5,4,33
196,1,1,1,1,1,4,4,4,5,5,5,4,4,4,5,5,5,4,4,4,5,5,4,4,4,5,5,5,4,5,5,4,5,4,5,4,5,4,5,4,5,4,4,33
197,1,1,1,1,1,5,5,4,5,4,5,4,5,4,5,5,4,5,4,5,4,5,4,5,4,5,4,5,4,5,5,4,4,4,4,5,5,4,5,5,5,4,4,33
198,1,3,1,1,1,5,4,4,5,4,4,3,4,3,4,5,5,4,5,4,4,4,5,4,4,3,4,5,4,4,5,5,5,5,4,5,4,5,5,5,5,5,5,27
199,1,3,1,1,1,4,5,4,5,5,5,4,5,4,5,4,5,4,4,4,5,5,5,4,4,5,3,5,4,4,4,5,5,4,4,5,4,5,4,5,4,4,5,28
200,1,3,1,1,1,4,5,3,5,4,4,5,5,4,4,4,5,5,5,5,4,4,5,5,4,5,4,5,5,4,4,5,4,5,4,5,4,5,5,4,5,4,5,30
201,1,3,1,1,1,4,5,5,4,5,4,5,5,4,5,5,4,5,5,5,4,4,5,4,5,4,5,4,5,5,4,5,4,5,4,5,4,5,5,5,5,5,5,29
202,1,1,1,1,1,4,5,4,5,4,5,4,5,5,4,4,5,4,5,4,5,4,5,4,5,5,4,5,4,5,4,5,4,5,4,5,5,4,5,4,5,4,5,33
203,1,3,1,1,1,4,4,5,4,5,4,5,4,5,3,5,5,4,5,5,5,4,4,3,5,5,4,5,4,3,4,5,5,5,4,5,4,5,5,4,5,5,5,33
204,1,1,1,1,1,5,4,5,4,5,4,5,4,5,5,4,5,4,5,4,5,4,5,5,4,5,4,5,4,5,4,5,4,5,4,5,4,5,4,5,4,5,4,33
205,1,3,1,1,1,4,5,4,5,4,5,4,5,4,5,5,4,4,5,4,5,5,4,4,4,5,5,4,4,5,5,5,4,4,5,5,4,5,4,5,4,4,5,36
206,1,1,1,1,1,4,5,4,5,4,5,4,5,4,5,4,5,4,5,4,5,4,5,4,5,4,5,4,5,4,5,4,5,4,5,4,5,4,5,4,5,4,5,29
207,1,1,1,1,1,4,5,4,5,4,5,4,5,4,5,4,5,4,5,4,5,4,5,4,5,4,5,4,5,4,5,4,5,4,5,5,4,5,4,5,4,5,4,34
208,1,1,1,1,1,5,4,5,5,5,4,5,4,5,5,5,4,4,4,5,4,4,3,5,5,4,5,4,5,4,4,5,5,4,5,4,5,5,5,4,5,5,4,33
209,1,1,1,1,1,4,5,4,5,4,5,4,5,4,5,4,4,5,5,4,5,5,4,4,5,4,5,5,4,5,4,5,4,5,4,5,4,5,5,5,4,5,4,29
210,1,1,1,1,1,4,5,4,5,4,5,5,4,4,5,4,5,4,5,5,4,5,5,4,5,4,5,4,5,4,5,4,5,4,5,4,5,4,5,4,5,4,5,33
211,1,1,1,1,1,4,5,4,5,4,4,5,4,5,4,5,5,4,5,5,5,5,4,3,5,4,4,5,5,4,4,5,5,4,5,4,5,5,5,5,5,5,5,24
212,1,2,1,1,1,5,4,5,4,5,4,5,4,5,5,4,5,4,5,4,5,4,5,4,5,4,5,5,4,5,5,4,5,5,5,5,4,4,4,5,4,5,4,29
213,1,2,1,1,1,5,4,5,4,5,4,5,4,5,5,4,5,4,5,4,5,4,5,4,5,4,5,4,5,5,4,5,4,5,4,5,4,5,4,5,4,5,4,36
214,1,1,1,1,1,4,5,5,4,4,4,5,4,3,4,3,5,4,3,4,4,5,4,4,3,4,4,4,4,4,3,4,4,4,5,2,4,3,4,5,4,5,5,27
215,1,1,1,1,1,5,4,5,4,5,4,5,5,4,5,4,5,5,4,4,5,4,5,4,4,5,4,5,4,5,5,4,4,5,5,4,5,4,5,4,5,4,5,36
216,1,1,1,1,1,5,4,5,4,5,4,5,5,4,5,4,5,4,5,4,5,4,5,4,5,4,5,4,5,4,5,4,5,4,5,4,3,5,4,5,4,5,4,31
217,1,2,1,1,1,5,4,5,4,5,4,5,4,5,4,5,4,5,4,5,5,4,5,4,5,4,5,4,5,4,5,4,5,4,5,4,5,4,5,4,5,4,5,29
218,1,1,1,1,1,4,5,4,5,5,4,5,4,5,4,5,4,5,4,5,3,5,4,4,5,4,5,4,5,4,5,4,4,5,4,5,4,5,5,4,5,4,5,29
219,1,1,1,1,1,4,5,2,5,2,4,4,5,4,5,5,4,5,4,4,4,2,5,4,3,4,4,4,5,4,2,4,4,4,5,4,4,5,5,5,5,5,5,32
220,1,1,1,1,1,5,4,5,4,5,5,4,5,4,5,4,5,4,5,4,5,4,5,4,5,4,5,4,5,4,5,4,5,4,5,2,5,4,5,4,5,3,5,27
221,1,1,1,1,1,5,4,5,5,4,5,4,5,4,5,4,4,4,3,4,5,4,5,2,4,5,4,2,4,5,4,3,5,4,3,4,4,4,4,5,4,4,5,27
222,1,1,1,1,1,4,4,4,5,5,5,4,4,4,5,5,4,3,2,5,5,5,4,4,4,5,5,4,4,5,5,4,5,4,5,4,5,4,5,4,5,4,5,29
223,1,1,1,1,1,5,4,5,4,5,5,4,5,4,5,4,5,4,5,4,5,4,5,4,5,4,5,4,5,4,5,4,5,4,5,4,5,4,5,5,4,5,5,38
224,1,3,1,1,1,5,5,4,5,4,5,4,5,4,5,4,4,5,5,4,4,5,4,5,4,5,4,5,4,5,4,5,4,5,4,5,4,5,4,5,4,5,4,33
225,1,1,1,1,1,4,5,3,4,4,5,5,4,5,4,4,4,4,5,4,5,4,5,4,5,4,5,4,3,4,4,5,5,4,5,4,5,3,4,4,5,5,5,45
226,1,3,1,1,1,4,5,4,5,4,5,4,5,4,5,4,5,4,5,4,5,4,5,4,4,5,5,4,5,4,5,4,5,4,5,4,5,4,5,4,5,4,5,36
227,1,2,1,1,1,4,4,4,4,4,4,3,4,4,3,3,4,4,3,4,3,3,3,3,4,3,3,4,4,4,3,4,4,4,4,3,3,2,3,2,3,2,5,20
228,1,2,1,1,1,5,5,5,4,4,5,5,5,4,5,5,4,4,5,4,5,4,5,4,5,4,4,5,4,5,4,4,5,4,5,4,5,5,4,5,5,4,5,38
229,1,1,1,1,1,5,4,5,5,4,5,5,4,5,4,5,4,5,4,5,4,5,4,5,4,5,5,4,4,5,4,5,4,5,5,4,5,5,4,4,5,4,5,38
230,1,1,1,1,1,5,4,4,5,4,4,5,4,2,4,4,5,4,5,4,5,5,4,4,4,3,4,5,4,5,4,5,5,4,4,2,4,4,5,5,5,5,4,34
231,1,1,1,1,1,5,5,5,4,5,5,5,4,4,4,5,5,5,5,2,5,5,5,4,5,4,5,4,4,5,4,5,4,5,4,5,4,5,4,5,4,5,4,34
232,1,1,1,1,1,4,5,4,5,4,5,5,5,4,5,4,5,4,5,4,4,3,4,2,4,4,5,5,4,5,4,5,4,5,4,5,5,5,5,5,4,5,5,35
233,1,1,1,1,1,4,5,4,5,5,4,5,5,4,5,4,5,5,5,4,5,4,5,4,5,4,5,4,5,5,4,5,5,4,5,5,5,4,5,4,5,5,4,35
234,1,1,1,1,1,5,5,4,5,4,4,5,5,4,5,4,3,4,5,4,5,3,5,4,5,4,5,4,5,4,5,5,4,5,5,4,5,4,5,5,4,5,4,35
235,1,1,1,1,1,5,4,5,4,5,4,5,5,4,5,5,5,4,5,4,5,5,5,4,4,4,5,5,5,4,5,4,5,4,4,5,5,4,5,4,5,4,5,35
236,1,2,1,1,1,5,4,5,4,5,4,4,5,4,4,5,5,4,5,4,4,4,5,4,5,4,4,4,4,3,2,4,5,4,5,4,5,4,4,5,5,5,5,47
237,1,3,1,1,1,4,5,5,4,5,4,5,4,5,5,4,5,4,5,5,4,5,4,5,5,4,5,5,4,5,4,5,5,4,5,4,5,5,4,5,4,5,4,37
238,1,2,1,1,1,5,4,5,4,5,3,5,4,5,5,4,5,4,3,5,4,5,4,5,5,4,5,4,2,4,4,4,5,4,5,4,5,4,5,5,4,4,4,38
239,1,1,1,1,1,4,5,5,4,5,4,5,5,5,5,4,5,5,4,5,3,5,4,5,4,5,4,5,4,5,4,5,4,5,5,5,4,5,4,5,4,5,5,35
240,1,1,1,1,1,5,5,4,5,4,5,4,5,4,5,4,5,4,5,5,3,5,4,5,4,5,4,5,4,5,4,5,5,4,5,4,5,4,5,4,5,4,5,29
241,1,1,1,1,1,5,4,4,5,4,5,4,5,4,4,5,5,4,4,4,5,4,5,4,4,5,4,5,5,5,5,5,4,5,4,5,4,5,5,4,5,4,4,36
242,1,3,1,1,1,4,5,4,5,5,4,5,5,5,4,5,4,5,4,5,4,5,4,5,4,5,4,5,4,5,4,5,4,5,5,4,5,4,5,4,5,5,4,34
243,1,5,1,1,1,4,4,5,4,4,5,4,5,4,5,5,4,4,4,5,5,4,4,4,4,5,4,4,5,4,5,4,5,5,4,4,5,4,4,5,4,5,5,28
244,1,3,1,1,1,5,4,5,4,5,4,5,4,5,5,4,5,4,5,4,5,4,5,4,5,4,5,4,5,4,5,5,4,5,4,5,4,5,4,5,4,5,4,31
245,1,3,1,1,1,5,4,4,5,4,5,4,5,4,5,4,5,4,5,4,5,5,4,5,4,5,4,5,4,5,4,5,4,5,4,5,4,5,5,4,5,4,5,29
246,1,3,1,1,1,4,5,4,5,5,4,4,5,4,4,5,5,4,5,5,4,4,4,4,4,5,4,5,5,4,4,5,5,4,4,5,4,5,4,5,4,4,5,27
247,1,1,1,1,1,5,4,5,5,4,5,5,4,5,4,5,4,5,4,5,5,3,5,4,5,4,5,4,5,4,5,4,5,5,4,5,5,5,4,5,4,5,4,31
248,1,1,1,1,1,5,4,5,4,5,4,5,4,5,5,5,4,5,4,5,4,5,4,5,4,5,4,5,4,5,4,5,4,5,4,5,4,5,5,4,5,4,5,28
249,1,1,1,1,1,4,5,4,4,4,5,4,5,4,4,5,4,4,5,4,4,4,4,4,5,4,5,5,4,4,5,5,4,4,4,5,4,4,4,3,5,4,4,36
250,1,1,1,1,1,5,5,4,5,4,5,5,4,5,4,5,5,4,5,5,4,5,4,5,4,5,3,5,4,5,4,5,5,5,5,5,5,5,4,5,4,5,5,29
251,1,2,1,1,1,5,4,5,5,5,4,5,5,4,5,4,5,5,4,5,5,4,5,4,5,4,5,4,5,4,5,4,5,4,5,4,5,4,5,4,5,4,5,29
252,1,1,1,1,1,4,5,4,4,5,5,4,4,4,5,4,5,4,5,5,4,4,5,4,4,4,5,4,5,4,4,5,4,5,4,4,3,5,5,4,5,4,5,24
253,1,1,1,1,1,5,4,5,5,4,5,4,5,4,5,4,5,4,4,5,5,4,5,4,5,5,4,5,5,4,5,4,5,5,4,4,3,5,5,4,5,5,5,30
254,1,1,1,1,1,5,5,4,5,4,5,4,5,4,5,4,5,5,3,5,4,4,4,4,5,4,5,4,5,4,5,4,5,4,5,4,5,4,5,4,5,4,5,29
255,1,1,1,1,1,5,4,5,5,4,3,5,5,4,3,5,4,5,4,5,4,3,4,4,4,5,4,4,4,4,3,2,4,4,5,4,5,4,4,4,5,5,5,29
256,1,3,1,1,1,5,4,5,4,5,4,5,4,5,4,5,5,4,5,4,5,5,4,4,5,4,5,3,5,4,4,5,4,5,5,4,5,5,4,5,5,4,5,42
257,1,3,1,1,1,4,5,4,3,5,4,4,4,4,3,5,4,4,5,4,4,5,3,3,3,4,5,4,4,5,4,4,3,4,4,5,4,4,5,4,4,4,5,28
258,1,1,1,1,1,5,4,5,4,5,4,5,5,4,5,4,5,4,5,4,5,4,5,4,5,5,4,5,5,4,5,5,5,4,5,5,4,5,4,5,4,5,4,34
259,1,3,1,1,1,5,4,5,4,4,4,5,4,5,4,5,4,5,4,5,4,5,4,4,3,4,4,5,4,5,4,5,4,5,4,5,4,5,5,4,4,5,4,34
260,1,3,1,1,1,5,4,5,4,5,4,5,4,5,4,5,4,5,4,5,4,5,3,5,4,5,4,5,4,5,4,5,4,5,4,5,5,4,5,4,5,4,5,38
261,1,3,1,1,1,5,4,5,4,5,4,5,4,5,4,5,3,5,4,5,4,5,4,5,4,5,4,5,4,5,4,5,4,5,4,5,4,5,5,4,4,4,5,42
262,1,4,1,1,1,4,5,4,4,4,4,4,4,4,3,5,4,4,4,5,4,3,4,5,4,4,4,2,4,5,2,4,5,4,4,3,5,4,4,5,4,5,5,28
263,1,3,1,1,1,5,4,5,4,5,4,5,3,5,4,4,4,5,5,4,4,5,4,5,4,5,4,5,4,5,4,5,4,5,4,5,5,4,5,5,4,5,5,44
264,1,1,1,1,1,5,4,5,4,5,4,5,4,4,5,4,5,5,4,5,4,5,4,5,4,5,4,5,4,5,4,5,4,5,4,5,4,5,4,5,4,5,4,37
265,1,1,1,1,1,4,5,4,5,4,5,5,4,5,5,4,5,4,4,5,5,4,4,3,4,4,4,2,4,4,3,4,5,4,4,5,4,4,4,4,5,5,5,28
266,1,3,1,1,1,5,4,5,4,5,4,5,4,5,4,5,4,5,4,5,4,5,4,5,4,5,4,5,4,5,4,5,3,5,4,5,4,5,4,5,4,5,4,35
267,1,1,1,1,1,4,5,4,5,4,5,4,5,5,4,4,5,4,4,3,5,4,4,3,5,4,4,5,5,4,5,4,5,4,5,4,5,5,4,4,4,5,5,25
268,1,1,1,1,1,4,5,4,5,4,5,4,5,4,5,4,5,4,5,4,5,4,5,4,5,4,5,4,5,4,5,4,5,4,5,4,5,4,5,5,5,4,5,35
269,1,1,1,1,1,5,4,4,5,4,4,5,4,4,4,4,5,4,5,4,4,5,4,4,5,4,5,5,4,5,4,5,4,5,4,5,5,4,4,5,4,5,5,39
270,1,3,1,1,1,5,4,5,4,5,4,5,4,5,4,5,5,4,4,5,4,5,4,5,4,5,4,5,4,5,3,5,4,5,4,5,4,5,4,5,4,5,4,43
271,1,2,1,1,1,4,5,4,4,5,4,5,5,4,4,5,5,4,4,5,4,5,4,5,5,3,4,4,5,5,4,4,5,4,5,5,5,4,4,4,5,5,4,29
272,1,3,1,1,1,4,5,4,5,5,4,4,5,4,5,4,4,5,5,4,5,4,4,5,5,3,5,4,4,4,4,4,5,5,4,5,4,5,5,4,5,5,5,20
273,1,2,1,1,1,5,4,5,4,5,3,5,4,5,4,5,4,5,4,5,4,5,5,4,5,4,5,4,5,4,5,4,5,4,5,4,5,4,5,5,4,5,4,35
274,1,3,1,1,1,5,4,5,4,5,4,5,4,5,4,5,4,5,4,5,4,5,4,5,4,5,4,5,4,5,4,5,4,5,4,5,4,5,4,5,4,5,4,36
275,1,1,1,1,1,5,5,4,4,5,4,5,4,5,5,4,4,5,5,5,4,5,5,4,5,4,4,5,5,4,4,4,4,4,4,5,4,4,4,4,5,5,5,23
276,1,2,1,1,1,5,4,5,4,5,4,5,4,5,2,5,4,5,4,5,3,5,4,5,5,4,5,4,5,4,5,4,5,4,5,4,5,4,5,4,5,5,4,36
277,1,1,1,1,1,4,5,5,5,4,5,4,4,5,5,4,4,5,5,5,4,4,4,4,5,4,4,5,4,5,5,5,4,4,4,5,5,4,4,5,5,5,4,25
278,1,1,1,1,1,5,5,5,4,5,4,5,4,5,4,5,4,5,4,5,4,5,4,5,4,5,4,5,4,5,4,5,4,5,4,5,4,5,4,5,4,5,4,37
279,1,2,1,1,1,5,4,5,4,5,4,5,4,5,4,5,4,5,4,5,5,3,5,5,4,5,4,5,4,5,4,5,4,5,4,5,4,5,4,5,4,5,5,35
280,1,1,1,1,1,5,4,5,4,5,4,5,4,5,4,5,5,5,4,5,4,2,4,4,5,4,4,5,4,5,4,4,4,5,4,2,4,5,5,4,4,4,5,26
281,1,1,1,1,1,5,5,4,5,4,5,2,5,3,5,4,5,5,4,5,4,5,5,5,3,4,5,3,5,3,5,4,5,4,5,4,5,4,4,5,4,5,5,35
282,1,1,1,1,1,4,4,5,5,5,4,5,4,5,4,5,4,5,4,5,4,5,4,5,4,5,4,5,4,5,4,5,4,5,4,5,5,4,5,4,5,4,5,36
283,1,1,1,1,1,5,4,4,5,4,4,4,5,4,4,5,4,4,4,5,4,4,5,3,5,4,5,4,4,5,4,4,5,4,5,4,5,4,5,4,5,5,5,25
284,1,3,1,1,1,5,4,5,4,5,4,5,4,5,4,5,4,5,4,5,4,5,4,5,4,5,3,5,4,5,4,5,4,5,4,5,4,5,4,5,4,5,5,37
285,1,2,1,1,1,4,4,5,5,4,4,5,5,4,4,5,4,4,5,4,5,5,4,5,5,4,5,4,4,5,4,4,4,3,4,4,4,5,5,5,5,5,5,37
286,1,3,1,1,1,5,4,5,4,5,4,5,4,5,4,5,5,4,5,4,5,4,5,4,5,4,5,4,5,4,5,4,5,3,5,4,5,5,4,5,4,5,5,45
287,1,3,1,1,1,5,4,5,4,5,4,5,4,5,4,5,4,5,5,4,4,5,4,5,4,5,4,5,4,5,5,4,4,5,5,4,5,5,4,5,4,5,5,36
288,1,1,1,1,1,5,4,4,4,4,4,4,4,5,4,5,4,5,5,5,4,4,5,4,5,4,4,4,5,4,4,4,4,3,4,2,4,4,5,4,5,4,5,34
289,1,1,1,1,1,5,4,5,4,5,5,4,5,4,5,4,5,4,5,4,5,5,4,5,5,5,5,4,4,5,5,5,5,5,4,5,4,5,5,5,5,4,4,43
290,1,1,1,1,1,5,4,5,4,4,5,4,4,4,4,5,5,4,5,4,5,5,5,5,4,5,4,4,4,4,4,5,5,4,5,4,4,5,4,4,4,4,5,24
291,1,1,1,1,1,5,4,5,4,5,4,5,4,5,4,5,4,4,4,5,5,5,4,5,5,3,5,5,4,5,4,5,5,4,5,4,5,4,5,4,5,3,5,34
292,1,1,1,1,1,5,4,5,4,5,4,5,4,4,5,4,5,4,5,5,4,4,5,5,5,4,5,5,5,5,5,4,5,5,4,5,4,4,5,5,5,4,5,35
293,1,1,1,1,1,4,5,4,5,5,5,5,4,5,4,4,4,4,4,4,5,5,5,5,4,4,4,5,4,4,4,5,5,4,5,4,4,5,5,4,5,5,5,34
294,1,3,1,1,1,5,3,4,4,4,5,4,3,5,4,5,4,5,4,5,4,5,4,5,4,5,4,5,4,5,3,5,4,5,4,5,4,5,4,5,4,5,4,34
295,1,1,1,1,1,4,5,4,5,4,5,4,4,5,4,4,5,4,5,4,4,4,5,4,5,4,4,3,5,4,4,4,4,4,5,4,4,5,5,4,5,5,5,24
296,1,3,1,1,1,5,4,5,4,5,4,5,4,5,4,5,4,5,4,5,4,5,4,5,4,5,3,5,3,5,4,5,4,5,4,5,4,5,3,5,4,5,4,45
297,1,1,1,1,1,4,5,4,5,4,5,4,5,4,5,4,4,5,4,5,5,4,5,4,5,4,4,5,4,5,4,5,4,4,4,4,4,4,5,4,4,4,5,24
298,1,3,1,1,1,5,4,5,4,5,4,5,3,5,3,5,4,5,4,4,5,4,4,4,5,5,5,4,5,5,4,5,4,5,4,5,4,5,4,5,5,4,5,34
299,1,1,1,1,1,5,4,5,4,5,4,5,4,4,5,4,5,5,3,5,4,5,3,3,5,3,5,4,5,4,4,3,3,5,4,3,4,5,4,4,5,5,4,34
300,1,3,1,1,1,4,5,4,4,5,4,4,5,4,4,5,4,4,5,4,5,4,4,4,4,4,4,4,4,4,4,5,5,4,4,3,4,5,5,3,4,4,5,25
301,1,1,1,1,1,4,4,3,4,5,5,3,5,4,4,5,4,3,4,5,5,4,4,5,5,3,5,5,4,5,4,5,5,3,5,4,5,4,5,5,5,5,4,43
302,1,3,1,1,1,4,5,4,5,5,4,4,3,4,3,5,4,4,4,4,5,4,5,5,4,4,5,4,5,5,5,4,5,4,4,5,4,5,5,5,5,5,5,26
303,1,2,1,1,1,4,4,4,5,5,5,4,5,4,4,4,5,5,4,5,4,5,5,5,4,5,5,4,5,4,5,4,4,4,5,5,4,5,5,5,3,5,5,34
304,1,3,1,1,1,5,4,4,5,5,4,4,4,5,5,4,4,5,4,5,4,4,4,5,4,5,4,4,5,5,4,5,5,4,4,4,5,5,5,4,4,4,5,24
305,1,1,1,1,1,4,5,4,4,4,4,5,4,5,4,5,4,5,4,5,5,4,4,5,4,4,5,4,3,4,4,3,4,4,5,4,4,5,4,4,4,4,5,23
306,1,1,1,1,1,4,4,5,4,4,5,5,4,5,3,5,4,5,4,5,4,5,4,5,4,4,4,4,3,4,4,4,4,5,4,5,5,4,5,4,4,4,5,25
